LinearRegression,SGDRegressor,LassoCV,RidgeCV,LarsCV,ARDRegression,SVR,KNeighborsRegressor,DecisionTreeRegressor,GradientBoostingRegressor,MLPRegressor
0.3271021950992404,5.528985222961189e+30,0.35706816128667673,0.32710412503026515,0.3271021950992403,0.3406133882341026,0.8613088483441298,0.6473240282105568,0.0,0.16095931872302632,0.5753150286906797
0.6516728699905397,-5.887748793597927e+30,0.6197624788148908,0.6516708148305774,0.6516728699905399,0.6372849655429949,0.08280273354802403,0.310672553376363,1.0,0.828596388593297,0.38735405693521696
0.6514241779395172,-5.891952417712263e+30,0.6194910039831236,0.6514221213122504,0.6514241779395173,0.6370260010866421,0.08214789029943759,0.31018040033470273,1.0,0.8284740130675312,0.3869166515108181
0.35875693301746764,6.510182159502689e+30,0.3872358910900673,0.35868656670493104,0.3587569330174674,0.36744807487745,0.8815234314585976,1.0138045270529543,0.3793011501950621,0.1916513485100691,1.9904016884355777
0.6237674015379906,-6.827304296894118e+30,0.5939011845787129,0.6238411955142831,0.6237674015379908,0.6146528992534483,0.07553605045824452,-0.06318868415320633,0.6022224403101114,0.7990129856384387,-1.0873575680468508
0.6227162055554958,-6.846379823250693e+30,0.592766542219141,0.6227902057125704,0.622716205555496,0.6135762373006386,0.07295309301731001,-0.06615923927784051,0.6011110475855523,0.7984514267971948,-1.093189656756151
