model_name,training_time,train_mse,train_r2,train_adj_r2,test_mse,test_r2,test_adj_r2
LinearRegression,0.004999399185180664,0.3597319054182468,0.6233128383493554,0.6230251627979133,0.34939525257033216,0.6335851054941823,0.6324679869133719
Lasso,0.047728538513183594,0.913391461926311,0.04355762698077592,0.04282719304223892,0.9123538133716179,0.04320386777078966,0.040286806392042074
Ridge,0.002983570098876953,0.3598180818904899,0.6232226001184911,0.6229348556522161,0.34893481216568223,0.6340679747405584,0.6329523283220846
SVR,7.030912160873413,0.8795365514495582,0.07900822211383096,0.07830486175396112,0.8847293049717062,0.07217401334851525,0.0693452755843339
KNeighborsRegressor,0.021929502487182617,0.634212325741895,0.3358953229633359,0.33538814698647346,0.9720408432873417,-0.019390619730247804,-0.02249851796113278
DecisionTreeRegressor,0.18734192848205566,0.0,1.0,1.0,0.3681720274753355,0.6138936816830034,0.6127165282735003
GradientBoostingRegressor,4.115809917449951,0.19815984694333783,0.7925002781962694,0.7923418108977495,0.2103406443980147,0.7794133020972576,0.7787407816768224
